Unnamed: 0,Year,Sentiment,Timestamp,User,Platform,Hashtags,Hour,Likes,Country
0,2023,Positive,15-01-2023 12:30,User123,Twitter,#Nature #Park,12,30,USA
1,2023,Negative,15-01-2023 08:45,CommuterX,Twitter,#Traffic #Morning,8,10,Canada
2,2023,Positive,15-01-2023 15:45,FitnessFan,Instagram,#Fitness #Workout,15,40,USA
3,2023,Positive,15-01-2023 18:20,AdventureX,Facebook,#Travel #Adventure,18,15,UK
4,2023,Neutral,15-01-2023 19:55,ChefCook,Instagram,#Cooking #Food,19,25,Australia
5,2023,Positive,16-01-2023 09:10,GratitudeNow,Twitter,#Gratitude #PositiveVibes,9,50,India
6,2023,Positive,16-01-2023 14:45,RainyDays,Facebook,#RainyDays #Cozy,14,20,Canada
7,2023,Positive,16-01-2023 19:30,MovieBuff,Instagram,#MovieNight #MustWatch,19,30,USA
8,2023,Negative,17-01-2023 08:00,DebateTalk,Twitter,#Politics #Debate,8,60,USA
9,2023,Neutral,17-01-2023 12:20,BeachLover,Facebook,#Summer #BeachDays,12,35,Australia
10,2023,Positive,17-01-2023 15:15,BloggerX,Instagram,#Blogging #NewPost,15,45,USA
11,2023,Negative,18-01-2023 10:30,WellnessCheck,Twitter,#SickDay #Health,10,15,Canada
12,2018,Mesmerizing,15-06-2018 22:00,DanceEnthusiastCityNightPerformance,Twitter,#Mesmerizing #NightDancePerformance,22,80,USA
13,2023,Positive,18-01-2023 18:00,FitJourney,Instagram,#NewYear #FitnessGoals,18,55,USA
14,2023,Neutral,19-01-2023 09:45,TechEnthusiast,Twitter,#Tech #Innovation,9,30,India
15,2023,Positive,19-01-2023 13:20,Reflections,Facebook,#Reflection #Future,13,40,USA
16,2023,Positive,19-01-2023 17:10,PetAdopter,Instagram,#PetAdoption #FurryFriend,17,30,Canada
17,2023,Positive,20-01-2023 00:05,GamerX,Twitter,#Gaming #LateNight,0,35,UK
18,2023,Neutral,20-01-2023 11:30,TechConference,Facebook,#AI #TechConference,11,50,USA
19,2023,Negative,20-01-2023 15:15,WinterBlues,Instagram,#WinterBlues #Mood,15,15,USA
20,2023,Positive,21-01-2023 08:40,Bookworm,Twitter,#Reading #CoffeeTime,8,45,India
21,2023,Positive,21-01-2023 13:20,VRExplorer,Facebook,#VR #VirtualReality,13,30,USA
22,2023,Positive,21-01-2023 16:45,ProductivityPro,Instagram,#Productivity #WorkFromHome,16,60,USA
23,2023,Positive,22-01-2023 09:15,FitnessWarrior,Twitter,#Fitness #ChallengeAccepted,9,40,UK
24,2023,Positive,22-01-2023 14:30,CareerMilestone,Facebook,#Career #Milestone,14,25,Canada
25,2023,Positive,22-01-2023 12:00,BrunchBuddy,Instagram,#Brunch #Friends,12,30,UK
28,2023,Positive,23-01-2023 16:20,LanguageLearner,Facebook,#LanguageLearning #PersonalGrowth,16,50,India
29,2023,Positive,23-01-2023 19:45,BookLover,Instagram,#Reading #QuietTime,19,30,Australia
30,2023,Positive,24-01-2023 11:30,MentalHealthMatters,Twitter,#MentalHealth #SelfCare,11,45,USA
31,2023,Positive,24-01-2023 15:00,ArtistInAction,Facebook,#Art #PaintingInProgress,15,25,Canada
32,2023,Positive,24-01-2023 17:30,RoadTripper,Instagram,#RoadTrip #ScenicViews,17,35,UK
33,2023,Positive,25-01-2023 18:00,SunsetWatcher,Twitter,#TeaTime #Sunset,18,30,India
34,2023,Positive,25-01-2023 13:15,CodeEnthusiast,Facebook,#Coding #Enthusiasm,13,60,USA
35,2023,Positive,26-01-2023 09:45,WorkshopAttendee,Instagram,#Inspiration #Workshop,9,50,USA
36,2023,Positive,26-01-2023 14:20,WinterSports,Twitter,#WinterSports #Fun,14,30,Canada
37,2023,Positive,26-01-2023 17:40,FamilyTime,Facebook,#FamilyTime #Weekend,17,45,UK
38,2023,Positive,27-01-2023 20:00,MusicLover,Instagram,#Music #ConcertNight,20,35,USA
39,2023,Positive,27-01-2023 12:30,MindfulMoments,Twitter,#Mindfulness #Meditation,12,30,India
40,2023,Positive,27-01-2023 16:10,DessertExplorer,Facebook,#Dessert #Cooking,16,25,Canada
41,2023,Positive,28-01-2023 09:00,GamingEnthusiast,Instagram,#Gaming #Tournament,9,60,USA
42,2023,Positive,28-01-2023 14:45,GardenPlanner,Twitter,#Gardening #Spring,14,50,USA
43,2023,Positive,28-01-2023 19:30,BirthdayBash,Facebook,#Birthday #Celebration,19,30,UK
44,2023,Positive,29-01-2023 17:00,ProductivityWin,Instagram,#Accomplished #Success,17,45,India
45,2023,Positive,29-01-2023 20:20,MovieNight,Twitter,#CozyNight #MovieTime,20,35,Canada
46,2023,Positive,30-01-2023 11:30,ArtExplorer,Facebook,#Art #GalleryExplore,11,30,USA
47,2023,Positive,30-01-2023 15:45,BookwormX,Instagram,#BookRelease #FavoriteAuthor,15,25,UK
48,2023,Positive,30-01-2023 18:30,VRMeetup,Twitter,#VRMeetup #VirtualReality,18,55,India
49,2023,Positive,31-01-2023 10:45,NatureLover,Facebook,#Nature #Reflection,10,30,Australia
50,2023,Positive,31-01-2023 19:00,ChefAtHome,Instagram,#Cooking #SpecialDinner,19,40,USA
51,2023,Positive,31-01-2023 16:20,OptimisticMindset,Twitter,#Optimism #NewWeek,16,30,Canada
52,2023,Positive,01-02-2023 08:00,FitnessChallenge,Facebook,#FitnessChallenge #NewBeginnings,8,45,UK
53,2023,Positive,01-02-2023 13:30,BikeExplorer,Instagram,#BikeRide #ScenicTrails,13,35,USA
55,2023,Anger,11-02-2023 09:30,SocialJustice,Twitter,#Injustice #Angry,9,40,Canada
56,2023,Fear,11-02-2023 21:15,ThrillerFan,Instagram,#Fear #ThrillerMovie,21,30,USA
57,2023,Sadness,12-02-2023 14:45,EmpathyFirst,Facebook,#Sadness #NaturalDisaster,14,50,India
58,2023,Disgust,12-02-2023 18:20,EcoAwareness,Twitter,#Disgust #Environment,18,35,UK
59,2023,Happiness,13-02-2023 10:00,ProudFriend,Instagram,#Happiness #Celebration,10,60,USA
60,2023,Joy,13-02-2023 19:30,ComedyFan,Facebook,#Joy #ComedyShow,19,45,Canada
61,2023,Love,14-02-2023 08:30,LoveSpreader,Twitter,#Love #SpreadLove,8,30,Australia
62,2023,Amusement,14-02-2023 14:20,AmusedSoul,Instagram,#Amusement #FunTimes,14,35,UK
63,2023,Enjoyment,14-02-2023 19:45,BookLoverAgain,Facebook,#Enjoyment #BookTime,19,50,Canada
64,2023,Admiration,15-02-2023 11:30,NatureAdmirer,Twitter,#Admiration #Nature,11,40,USA
65,2023,Affection,15-02-2023 16:00,AffectionSender,Instagram,#Affection #PositiveVibes,16,30,USA
66,2023,Awe,15-02-2023 20:30,AweStruck,Facebook,#Awe #Breathtaking,20,45,Australia
67,2023,Disappointed,16-02-2023 09:00,FoodieGoneWrong,Twitter,#Disappointed #BadService,9,35,India
68,2023,Surprise,16-02-2023 14:45,HappySurprise,Instagram,#Surprise #Gift,14,50,USA
69,2023,Acceptance,16-02-2023 18:20,AcceptanceSeeker,Facebook,#Acceptance #Challenges,18,30,Canada
70,2023,Adoration,17-02-2023 10:45,PetAdorer,Twitter,#Adoration #PetLove,10,45,UK
71,2023,Anticipation,17-02-2023 07:30,AdventureAwaits,Instagram,#Anticipation #Adventure,7,40,USA
72,2023,Bitter,17-02-2023 15:00,LearnFromBitter,Facebook,#BitterLesson #Growth,15,35,USA
73,2023,Calmness,18-02-2023 09:30,ZenMaster,Twitter,#Calmness #PeacefulMind,9,30,India
74,2023,Confusion,18-02-2023 14:20,ConfusedMind,Instagram,#Confusion #DecisionMaking,14,50,UK
75,2023,Excitement,18-02-2023 18:45,VacationDreamer,Facebook,#Excitement #TravelPlans,18,45,Canada
76,2023,Kind,19-02-2023 11:30,KindnessPrevails,Twitter,#Kindness #Humanity,11,40,USA
77,2023,Pride,19-02-2023 16:00,PersonalAchiever,Instagram,#Pride #Milestone,16,60,Australia
78,2023,Shame,19-02-2023 19:45,ReflectiveSelf,Facebook,#Shame #Injustice,19,30,India
79,2023,Anger,20-02-2023 09:30,AngryDebater,Twitter,#Anger #Argument,9,40,Canada
80,2023,Fear,20-02-2023 21:15,FearfulDreamer,Instagram,#Fear #Unknown,21,30,USA
81,2023,Sadness,21-02-2023 14:45,FarewellHeart,Facebook,#Sadness #Farewell,14,50,India
82,2023,Disgust,21-02-2023 18:20,AntiCorruption,Twitter,#Disgust #Corruption,18,35,UK
83,2023,Happiness,22-02-2023 10:00,NewParentJoy,Instagram,#Happiness #NewFamilyMember,10,60,UK
84,2023,Joy,22-02-2023 19:30,StandUpFan,Facebook,#Joy #StandUpComedy,19,45,Canada
85,2023,Love,23-02-2023 08:30,LoveSender,Twitter,#Love #SpreadLove,8,30,Australia
86,2023,Amusement,23-02-2023 14:20,PetAmuser,Instagram,#Amusement #PetAntics,14,35,UK
87,2023,Enjoyment,23-02-2023 19:45,TravelExplorer,Facebook,#Enjoyment #Travel,19,50,USA
88,2023,Admiration,24-02-2023 11:30,CharityAdmirer,Twitter,#Admiration #Volunteers,11,40,USA
89,2023,Affection,24-02-2023 16:00,FamilyLover,Instagram,#Affection #FamilyLove,16,30,USA
90,2023,Awe,24-02-2023 20:30,Stargazer,Facebook,#Awe #StarryNight,20,45,Australia
91,2023,Disappointed,25-02-2023 09:00,ProjectStruggle,Twitter,#Disappointed #Project,9,35,India
92,2023,Surprise,25-02-2023 14:45,JoyfulReunion,Instagram,#Surprise #OldFriends,14,50,USA
93,2023,Acceptance,25-02-2023 18:20,LifeAcceptance,Facebook,#Acceptance #LifeJourney,18,30,Canada
94,2023,Adoration,26-02-2023 10:45,PuppyAdmirer,Twitter,#Adoration #PuppyLove,10,45,UK
95,2023,Anticipation,26-02-2023 07:30,MovieBuff2,Instagram,#Anticipation #MovieRelease,7,40,Australia
96,2023,Bitter,26-02-2023 15:00,CustomerWoes,Facebook,#BitterExperience #CustomerService,15,35,USA
97,2023,Calmness,27-02-2023 09:30,CalmSoul,Twitter,#Calmness #InnerPeace,9,30,India
98,2023,Confusion,27-02-2023 14:20,ConfusedMind2,Instagram,#Confusion #MakingSense,14,50,UK
99,2023,Excitement,27-02-2023 18:45,BirthdayExcite,Facebook,#Excitement #SurpriseParty,18,45,Canada
100,2023,Kind,28-02-2023 11:30,KindnessObserver,Twitter,#Kindness #ActsOfKindness,11,40,USA
101,2023,Pride,28-02-2023 16:00,FitAchiever,Instagram,#Pride #FitnessChallengeCompleted,16,60,UK
102,2023,Shame,28-02-2023 19:45,ReflectiveSelf2,Facebook,#Shame #Injustice,19,30,India
103,2023,Acceptance,01-03-2023 10:45,DiversityLover,Twitter,#Acceptance #Diversity,10,45,Australia
104,2023,Excitement,01-03-2023 13:30,BookwormJoy,Instagram,#Excitement #BookTime,13,35,USA
105,2023,Bitter,01-03-2023 17:45,WorkplaceWoes,Twitter,#Bitter #Unfairness,17,30,Canada
106,2023,Calmness,02-03-2023 18:00,MindfulMe,Facebook,#Calmness #Mindfulness,18,30,UK
107,2023,Confusion,02-03-2023 13:15,ConfusedMind3,Instagram,#Confusion #LifeChoices,13,60,USA
108,2023,Excitement,02-03-2023 16:45,RoadTripper2,Twitter,#Excitement #WeekendAdventure,16,50,India
109,2023,Kind,03-03-2023 11:30,KindnessPrevails2,Facebook,#Kindness #HumanityRestored,11,45,USA
110,2023,Pride,03-03-2023 14:30,GoalAchiever,Instagram,#Pride #Accomplishments,14,25,Canada
111,2023,Shame,03-03-2023 12:00,ReflectiveSelf3,Twitter,#Shame #Integrity,12,30,UK
112,2010,Elation,15-05-2010 15:30,NostalgiaFan,Twitter,#Elation #Memories,15,40,Canada
113,2021,Euphoria,10-08-2021 21:15,SportsFanatic,Instagram,#Euphoria #Victory,21,30,USA
114,2011,Contentment,20-06-2011 14:45,NatureLover2,Facebook,#Contentment #Nature,14,50,India
115,2022,Serenity,12-02-2022 18:20,ZenMaster2,Twitter,#Serenity #Meditation,18,35,UK
116,2012,Gratitude,25-11-2012 10:00,ThankfulHeart,Instagram,#Gratitude #Blessed,10,60,Australia
117,2013,Hope,05-04-2013 19:30,OptimisticSoul,Facebook,#Hope #Optimism,19,45,USA
118,2014,Empowerment,14-09-2014 08:30,CommunityLeader,Twitter,#Empowerment #Community,8,30,UK
119,2015,Compassion,18-07-2015 14:20,CharitySupporter,Instagram,#Compassion #CharityEvent,14,35,Canada
120,2016,Tenderness,23-02-2016 19:45,LovingHeart,Facebook,#Tenderness #FamilyTime,19,50,UK
121,2017,Arousal,30-10-2017 11:30,ExcitementFan,Twitter,#Arousal #Excitement,11,40,Australia
122,2018,Enthusiasm,15-06-2018 16:00,ProjectEnthusiast,Instagram,#Enthusiasm #NewProject,16,30,USA
123,2019,Fulfillment,28-03-2019 18:20,MilestoneAchiever,Facebook,#Fulfillment #Milestone,18,45,India
124,2019,Reverence,11-11-2019 15:00,HistoryLover,Twitter,#Reverence #History,15,35,UK
125,2020,Elation,02-04-2020 09:30,JoyfulReunion2,Instagram,#Elation #OldFriends,9,50,Canada
126,2021,Euphoria,19-06-2021 14:45,MusicEnthusiast,Facebook,#Euphoria #LiveMusic,14,30,USA
127,2010,Contentment,15-08-2010 10:00,SimpleJoys,Twitter,#Contentment #SundayMood,10,60,Australia
128,2011,Serenity,22-09-2011 19:30,BookLover3,Instagram,#Serenity #BookTime,19,45,UK
129,2012,Gratitude,10-03-2012 08:30,SupportiveFriend,Facebook,#Gratitude #Supportive,8,30,India
130,2013,Hope,05-12-2013 16:00,JourneyOptimist,Twitter,#Hope #NewBeginnings,16,35,Canada
131,2014,Empowerment,20-07-2014 11:30,GrowthSeeker,Instagram,#Empowerment #PersonalGrowth,11,50,USA
132,2015,Compassion,22-12-2015 14:20,HolidayHelper,Facebook,#Compassion #HolidaySupport,14,35,USA
133,2016,Tenderness,10-02-2016 19:45,WinterWarmth,Twitter,#Tenderness #CozyEvening,19,50,UK
134,2017,Arousal,30-04-2017 11:30,AdventureAwaits,Instagram,#Arousal #AdventureTime,11,40,Australia
135,2018,Enthusiasm,15-09-2018 16:00,CreativeSpirit,Facebook,#Enthusiasm #Creativity,16,30,Canada
136,2019,Fulfillment,28-06-2019 18:20,FitnessAchiever,Twitter,#Fulfillment #FitnessGoals,18,45,India
137,2020,Reverence,11-11-2020 15:00,ArtAppreciator,Instagram,#Reverence #ArtAppreciation,15,35,UK
138,2021,Elation,02-03-2021 09:30,GoalAchiever2,Facebook,#Elation #PersonalAchievement,9,50,USA
139,2012,Elation,18-02-2012 14:30,UrbanExplorer2,Twitter,#Elation #HiddenGem,14,40,USA
140,2018,Euphoria,05-11-2018 21:45,BirthdayJoy,Instagram,#Euphoria #BirthdaySurprise,21,30,UK
141,2015,Contentment,12-09-2015 13:20,HomeChef,Facebook,#Contentment #HomeCooking,13,50,India
142,2016,Serenity,30-07-2016 18:10,MusicLover4,Twitter,#Serenity #PeacefulMelody,18,35,Canada
143,2013,Gratitude,20-04-2013 10:30,CommunityLove,Instagram,#Gratitude #CommunitySupport,10,60,USA
144,2017,Hope,08-12-2017 19:15,EntrepreneurHope,Facebook,#Hope #BusinessVenture,19,45,Canada
145,2014,Empowerment,03-06-2014 08:20,MentorEmpower,Twitter,#Empowerment #Mentorship,8,30,UK
146,2019,Compassion,15-01-2019 14:50,KindnessInAction,Instagram,#Compassion #CommunityKindness,14,35,Australia
147,2016,Tenderness,25-12-2016 19:30,LoveExpress,Facebook,#Tenderness #LoveNote,19,50,UK
148,2018,Arousal,10-03-2018 09:45,TravelExcitement,Twitter,#Arousal #TravelAdventure,9,40,India
149,2020,Enthusiasm,17-09-2020 16:30,ArtisticSpirit,Instagram,#Enthusiasm #ArtisticProject,16,30,USA
150,2011,Fulfillment,28-08-2011 18:45,HelperHeart,Facebook,#Fulfillment #HelpingOthers,18,45,Canada
151,2017,Reverence,01-11-2017 15:30,HistoryBuff,Twitter,#Reverence #HistoricalSite,15,35,Australia
152,2019,Elation,15-06-2019 10:00,FitnessAchiever2,Instagram,#Elation #FitnessMilestone,10,50,UK
153,2022,Euphoria,03-04-2022 11:45,ProductLaunchJoy,Facebook,#Euphoria #ProductLaunchSuccess,11,30,USA
154,2010,Contentment,12-11-2010 20:20,LovingEmbrace,Twitter,#Contentment #Love,20,60,India
155,2011,Serenity,22-07-2011 18:30,SunsetWatcher2,Instagram,#Serenity #SunsetViews,18,45,Canada
156,2012,Gratitude,30-03-2012 11:20,JoyfulHeart2,Facebook,#Gratitude #SmallJoys,11,30,Australia
157,2013,Hope,05-10-2013 16:40,GrowthOptimist,Twitter,#Hope #PersonalDevelopment,16,35,UK
158,2014,Empowerment,10-07-2014 13:15,SkillEmpower,Instagram,#Empowerment #SkillBuilding,13,50,India
159,2015,Compassion,18-12-2015 14:20,CharityVolunteer,Facebook,#Compassion #VolunteerWork,14,35,USA
160,2016,Tenderness,10-02-2016 19:45,PetLove,Twitter,#Tenderness #PetLove,19,50,Canada
161,2017,Arousal,25-09-2017 11:30,FestivalFan,Instagram,#Arousal #FestivalExcitement,11,40,UK
162,2018,Enthusiasm,15-04-2018 16:00,DIYEnthusiast,Facebook,#Enthusiasm #HomeImprovement,16,30,Australia
163,2019,Fulfillment,28-11-2019 18:20,PuzzleMaster,Twitter,#Fulfillment #PuzzleChallenge,18,45,India
164,2020,Reverence,11-05-2020 15:00,NatureAdmirer,Instagram,#Reverence #NatureExploration,15,35,USA
165,2021,Elation,05-02-2021 09:30,ChildhoodJoy,Facebook,#Elation #FriendshipReunion,9,50,Canada
166,2021,Despair,10-03-2021 08:30,StrugglingSoul,Twitter,#Despair #Struggle,8,10,USA
167,2022,Grief,05-07-2022 15:45,MourningHeart,Instagram,#Grief #Loss,15,15,Canada
168,2019,Loneliness,18-11-2019 21:20,SolitarySoul,Facebook,#Loneliness #Isolation,21,20,UK
169,2020,Jealousy,12-08-2020 11:30,EnviousObserver,Twitter,#Jealousy #Envy,11,25,India
170,2018,Resentment,22-05-2018 14:45,BitterHeart,Instagram,#Resentment #Bitterness,14,15,Australia
171,2017,Frustration,30-01-2017 16:10,BlockedGoals,Facebook,#Frustration #Obstacles,16,20,USA
172,2016,Boredom,28-09-2016 19:45,BoredMind,Twitter,#Boredom #LackOfInterest,19,15,Canada
173,2019,Anxiety,15-04-2019 09:00,WorriedMind,Instagram,#Anxiety #Worry,9,25,UK
174,2021,Intimidation,03-12-2021 18:30,FearfulSoul,Facebook,#Intimidation #Fear,18,30,India
175,2020,Helplessness,20-06-2020 14:20,OverwhelmedHeart,Twitter,#Helplessness #Overwhelmed,14,15,Australia
176,2018,Envy,07-11-2018 11:30,CovetousMind,Instagram,#Envy #Desire,11,20,Canada
177,2017,Regret,25-08-2017 16:00,RemorsefulSoul,Facebook,#Regret #MissedChances,16,25,UK
178,2019,Disgust,11-02-2019 09:45,DisgustedHeart,Twitter,#Disgust #Injustice,9,15,India
179,2016,Despair,02-04-2016 20:20,HopelessHeart,Instagram,#Despair #Hopeless,20,20,USA
180,2015,Grief,18-10-2015 15:30,TearfulSoul,Facebook,#Grief #Tears,15,25,Canada
181,2019,Loneliness,12-07-2019 18:10,IsolatedMind,Twitter,#Loneliness #SeekingConnection,18,30,UK
182,2018,Jealousy,03-06-2018 16:30,SelfDoubt,Instagram,#Jealousy #Insecurity,16,15,India
183,2022,Resentment,15-01-2022 12:00,BrokenTrust,Facebook,#Resentment #BrokenTrust,12,20,Australia
184,2017,Frustration,10-04-2017 14:45,ExplosiveMind,Twitter,#Frustration #EmotionalOutburst,14,25,USA
185,2016,Boredom,28-11-2016 19:00,MundaneHeart,Instagram,#Boredom #Monotony,19,15,Canada
186,2018,Anxiety,05-09-2018 09:30,RestlessMind,Facebook,#Anxiety #Restlessness,9,20,UK
187,2021,Intimidation,22-10-2021 18:30,FearfulJourney,Twitter,#Intimidation #FacingFear,18,30,India
188,2019,Helplessness,08-05-2019 14:20,OverwhelmedSoul,Instagram,#Helplessness #Struggling,14,15,Australia
189,2017,Envy,20-03-2017 11:30,GreenEyedMonster,Facebook,#Envy #Success,11,20,Canada
190,2018,Regret,15-12-2018 16:00,RegretfulMind,Twitter,#Regret #PastChoices,16,25,USA
191,2016,Disgust,01-07-2016 09:45,CorruptedHeart,Instagram,#Disgust #Corruption,9,15,UK
192,2020,Despair,20-08-2020 20:20,DrowningSoul,Facebook,#Despair #DarkDays,20,20,India
193,2021,Grief,25-02-2021 15:30,StormyHeart,Twitter,#Grief #EmotionalStorm,15,25,Canada
194,2019,Loneliness,12-09-2019 18:10,EchoingSoul,Instagram,#Loneliness #YearningForConnection,18,30,Australia
195,2018,Jealousy,05-08-2018 16:30,PoisonedMind,Facebook,#Jealousy #Resentment,16,15,USA
196,2017,Resentment,12-01-2017 12:00,UnforgivingSoul,Twitter,#Resentment #Unforgiving,12,20,India
197,2022,Frustration,05-04-2022 14:45,ThunderingMind,Instagram,#Frustration #EmotionalOutburst,14,25,UK
198,2021,Boredom,02-10-2021 19:00,StagnantHeart,Facebook,#Boredom #Stagnation,19,15,Canada
199,2023,Curiosity,15-04-2023 10:15,InquisitiveMind,Twitter,#Curiosity #Learning,10,30,USA
200,2022,Indifference,28-11-2022 17:30,ApatheticObserver,Instagram,#Indifference #DigitalOverload,17,15,Canada
201,2020,Confusion,02-04-2020 09:45,SeekingClarity,Facebook,#Confusion #LifePuzzle,9,20,UK
202,2021,Numbness,10-08-2021 14:00,EmotionallyDistant,Twitter,#Numbness #EmotionalShield,14,15,India
203,2019,Melancholy,18-06-2019 20:45,SunsetDreamer,Instagram,#Melancholy #SunsetMoments,20,25,Australia
204,2018,Nostalgia,05-02-2018 15:15,MemoryLaneTraveler,Facebook,#Nostalgia #MemoryLane,15,20,USA
205,2022,Ambivalence,30-05-2022 11:30,MixedFeelings,Twitter,#Ambivalence #UncertainChoices,11,25,Canada
206,2023,Acceptance,10-01-2023 16:20,ZenLifestyle,Instagram,#Acceptance #LifeJourney,16,30,UK
207,2020,Determination,18-09-2020 13:45,ResilientSpirit,Facebook,#Determination #AchieveTheImpossible,13,20,India
208,2021,Serenity,03-07-2021 19:00,NatureSoul,Twitter,#Serenity #NatureRetreat,19,25,Australia
209,2022,Curiosity,08-10-2022 08:15,EternalLearner,Instagram,#Curiosity #KnowledgeQuest,8,40,USA
210,2023,Indifference,22-03-2023 16:30,AloofObserver,Facebook,#Indifference #FloatingThroughLife,16,20,Canada
211,2021,Confusion,15-05-2021 11:45,ThoughtExplorer,Twitter,#Confusion #ThoughtLabyrinth,11,30,UK
212,2019,Numbness,28-12-2019 14:30,StoicSoul,Instagram,#Numbness #StoicFacade,14,15,Australia
213,2020,Melancholy,01-03-2020 19:00,DreamerInSilence,Facebook,#Melancholy #WhispersInTheBreeze,19,25,India
214,2018,Nostalgia,10-07-2018 15:45,JournalKeeper,Twitter,#Nostalgia #JournalMoments,15,20,Canada
215,2022,Ambivalence,05-01-2022 10:30,ThreadWeaver,Instagram,#Ambivalence #ConflictingFeelings,10,25,UK
216,2021,Acceptance,20-08-2021 16:20,SelfLoveAdvocate,Facebook,#Acceptance #SelfLoveJourney,16,30,Australia
217,2019,Determination,03-11-2019 13:45,DreamChaser,Twitter,#Determination #DreamsIntoReality,13,35,USA
218,2020,Serenity,12-04-2020 19:30,OceanSoul,Instagram,#Serenity #OceanRetreat,19,50,Canada
219,2022,Curiosity,15-04-2022 08:45,HorizonExplorer,Facebook,#Curiosity #NewHorizons,8,45,India
220,2023,Indifference,10-02-2023 17:00,NonchalantSpirit,Twitter,#Indifference #DriftingThroughLife,17,18,UK
221,2020,Confusion,05-08-2020 12:15,ComplexThinker,Instagram,#Confusion #PerplexedMind,12,28,Australia
222,2021,Numbness,01-12-2021 15:30,ShieldedHeart,Facebook,#Numbness #EmotionalShield,15,20,USA
223,2019,Melancholy,25-03-2019 21:00,SymphonySoul,Twitter,#Melancholy #WistfulHeart,21,26,Canada
224,2017,Nostalgia,18-06-2017 14:45,YearbookExplorer,Instagram,#Nostalgia #YearbookMemories,14,25,India
225,2022,Ambivalence,08-07-2022 11:30,DecisiveDilemma,Facebook,#Ambivalence #ShadesOfUncertainty,11,30,Australia
226,2023,Acceptance,15-05-2023 16:20,ImperfectHarmony,Twitter,#Acceptance #ImperfectJourney,16,36,Canada
227,2021,Determination,10-09-2021 14:45,VisionarySpirit,Instagram,#Determination #UnparalleledHeights,14,40,UK
228,2020,Serenity,28-02-2020 18:30,ForestDreamer,Facebook,#Serenity #NatureWhispers,18,50,USA
231,2023,Indifference,10-03-2023 16:30,SilentSpectator,Instagram,#Indifference #SilentObserver,16,18,India
232,2021,Confusion,02-05-2021 11:45,MazeNavigator,Facebook,#Confusion #ThoughtLabyrinth,11,28,Australia
233,2019,Numbness,18-10-2019 14:30,ResilientFortress,Twitter,#Numbness #StoicResilience,14,22,UK
234,2020,Melancholy,05-01-2020 20:00,CanvasDreamer,Instagram,#Melancholy #BittersweetMemories,20,26,USA
235,2018,Nostalgia,10-08-2018 15:45,DiaryExplorer,Facebook,#Nostalgia #DiaryJourney,15,25,Canada
236,2022,Ambivalence,15-01-2022 10:30,CrossroadsTraveler,Twitter,#Ambivalence #ConflictingEmotions,10,30,India
237,2021,Acceptance,20-07-2021 16:20,MosaicDreamer,Instagram,#Acceptance #BeautifulChaos,16,36,Australia
238,2019,Determination,03-12-2019 13:45,PathfinderSpirit,Facebook,#Determination #ExtraordinaryPath,13,40,USA
239,2020,Serenity,12-04-2020 19:30,RaindropHarmony,Twitter,#Serenity #RaindropMelody,19,50,Canada
240,2022,Curiosity,08-05-2022 08:45,SeekerOfUnknowns,Instagram,#Curiosity #SeekerOfKnowledge,8,45,UK
241,2023,Indifference,22-02-2023 17:00,NonchalantWanderer,Facebook,#Indifference #DriftingThroughLife,17,18,India
242,2020,Confusion,05-06-2020 12:15,ShadowedSeeker,Twitter,#Confusion #LabyrinthOfThoughts,12,28,Australia
243,2021,Numbness,30-11-2021 15:30,TurbulentShield,Instagram,#Numbness #EmotionalStorms,15,20,Canada
244,2019,Melancholy,25-02-2019 21:00,WistfulPainter,Facebook,#Melancholy #WistfulYearning,21,26,UK
245,2017,Nostalgia,18-05-2017 14:45,TaleWeaver,Twitter,#Nostalgia #PhotoAlbumStories,14,25,USA
246,2022,Ambivalence,05-08-2022 11:30,CrossroadsExplorer,Instagram,#Ambivalence #CrossroadsConfusion,11,30,Canada
247,2023,Acceptance,15-06-2023 16:20,MosaicArtist,Facebook,#Acceptance #UnpredictableArt,16,36,Australia
248,2021,Determination,10-10-2021 14:45,DreamSculptor,Twitter,#Determination #SculptingDreams,14,40,UK
249,2020,Serenity,12-05-2020 19:30,MoonlitSoul,Instagram,#Serenity #MoonlitPeace,19,50,USA
250,2022,Curiosity,01-12-2022 09:15,FearlessExplorer,Facebook,#Curiosity #FearlessExplorer,9,44,India
251,2021,Numbness,30-11-2021 15:30,TurbulentShield,Instagram,#Numbness #EmotionalStorms,15,20,Canada
252,2018,Zest,12-07-2018 17:45,JoyfulDancer,Twitter,#Zest #CarefreeSpirit,17,30,USA
253,2020,Contentment,05-09-2020 20:10,SereneBasker,Facebook,#Contentment #GoldenGlow,20,36,Australia
254,2022,Hopeful,18-04-2022 08:00,DreamPainter,Instagram,#Hopeful #CanvasOfDreams,8,24,India
255,2019,Proud,10-12-2019 12:20,OakAchiever,Twitter,#Proud #BranchesOfAchievement,12,50,Canada
256,2023,Grateful,28-02-2023 09:45,HeartGardener,Facebook,#Grateful #BlossomingConnection,9,40,USA
257,2018,Empathetic,03-04-2018 14:15,ThreadWeaver,Instagram,#Empathetic #TapestryOfUnderstanding,14,30,UK
258,2022,Compassionate,20-06-2022 10:30,CloudCaretaker,Twitter,#Compassionate #ShowerOfEmpathy,10,36,Australia
259,2020,Playful,08-07-2020 18:00,RainDancer,Facebook,#Playful #DanceInTheRain,18,44,Canada
260,2021,Free-spirited,15-08-2021 11:10,SkyPainter,Instagram,#FreeSpirit #PaintingTheSky,11,40,India
261,2019,Inspired,25-10-2019 16:50,PhoenixExplorer,Twitter,#Inspired #CreativePhoenix,16,30,UK
262,2023,Hopeful,05-10-2023 07:30,SunriseNavigator,Facebook,#Hopeful #SunriseOfPossibilities,7,24,USA
263,2022,Confident,15-02-2022 13:15,SandStrider,Instagram,#Confident #FootprintsOfAssuredness,13,50,Australia
264,2021,Serenity,08-05-2021 22:00,NightSerenader,Twitter,#Serenity #MoonlitSerenade,22,26,Canada
265,2020,Curiosity,29-11-2020 14:45,KnowledgeSeeker,Instagram,#Curiosity #LabyrinthOfQuestions,14,34,USA
266,2019,Ambivalence,14-09-2019 10:20,BreezeWaltzer,Facebook,#Ambivalence #AutumnWaltz,10,28,UK
267,2022,Grateful,12-03-2022 19:55,StarNavigator,Twitter,#Grateful #GuidingStar,19,38,Australia
268,2023,Zest,30-03-2023 16:30,MeadowSprinter,Instagram,#Zest #FieldsOfEnthusiasm,16,32,India
269,2021,Compassionate,01-07-2021 12:10,RainNurturer,Facebook,#Compassionate #TearsOfEmpathy,12,42,Canada
270,2020,Proud,05-01-2020 08:45,PeakConqueror,Twitter,#Proud #ScalingPeaks,8,46,USA
271,2022,Hopeful,17-07-2022 06:15,DawnGardener,Instagram,#Hopeful #SeedsOfOptimism,6,28,UK
272,2018,Playful,22-08-2018 17:20,CarnivalDreamer,Facebook,#Playful #CarnivalEscapade,17,48,Australia
273,2021,Inspired,08-12-2021 14:30,SkyArtist,Twitter,#Inspired #CloudsOfCreativity,14,36,India
274,2019,Contentment,27-04-2019 09:50,RiverNavigator,Instagram,#Contentment #TranquilWaters,9,40,Canada
275,2023,Empathetic,03-09-2023 21:40,LanternWanderer,Facebook,#Empathetic #LanternOfCompassion,21,32,USA
276,2020,Free-spirited,10-06-2020 10:05,DreamSoarer,Twitter,#FreeSpirit #WingsOfDreams,10,44,UK
277,2022,Grateful,01-04-2022 18:30,SunsetAdmirer,Instagram,#Grateful #GoldenHues,18,38,Australia
278,2021,Confident,15-01-2021 13:00,DanceStrider,Facebook,#Confident #DanceOfLife,13,46,Canada
279,2023,Hopeful,06-05-2023 07:20,WindWhisperer,Twitter,#Hopeful #BrighterTomorrows,7,30,India
280,2019,Playful,18-11-2019 15:15,JugglingArtist,Instagram,#Playful #JugglingResponsibilities,15,50,USA
281,2020,Inspired,29-08-2020 20:45,StarStoryteller,Facebook,#Inspired #TalesToTheStars,20,28,UK
282,2022,Hopeful,30-10-2022 11:40,WaveNavigator,Twitter,#Hopeful #SailorOfDreams,11,34,Australia
283,2021,Compassionate,01-07-2021 12:10,RainNurturer,Instagram,#Compassionate #TearsOfEmpathy,12,42,Canada
284,2020,Proud,05-01-2020 08:45,PeakConqueror,Twitter,#Proud #ScalingPeaks,8,46,USA
285,2022,Hopeful,17-07-2022 06:15,DawnGardener,Instagram,#Hopeful #SeedsOfOptimism,6,28,UK
286,2018,Playful,22-08-2018 17:20,CarnivalDreamer,Facebook,#Playful #CarnivalEscapade,17,48,Australia
287,2021,Inspired,08-12-2021 14:30,SkyArtist,Twitter,#Inspired #CloudsOfCreativity,14,36,India
288,2019,Contentment,27-04-2019 09:50,RiverNavigator,Instagram,#Contentment #TranquilWaters,9,40,Canada
289,2023,Empathetic,03-09-2023 21:40,LanternWanderer,Facebook,#Empathetic #LanternOfCompassion,21,32,USA
290,2020,Free-spirited,10-06-2020 10:05,DreamSoarer,Twitter,#FreeSpirit #WingsOfDreams,10,44,UK
291,2022,Grateful,01-04-2022 18:30,SunsetAdmirer,Instagram,#Grateful #GoldenHues,18,38,Australia
292,2021,Confident,15-01-2021 13:00,DanceStrider,Facebook,#Confident #DanceOfLife,13,46,Canada
293,2023,Hopeful,06-05-2023 07:20,WindWhisperer,Twitter,#Hopeful #BrighterTomorrows,7,30,India
294,2019,Playful,18-11-2019 15:15,JugglingArtist,Instagram,#Playful #JugglingResponsibilities,15,50,USA
295,2020,Inspired,29-08-2020 20:45,StarStoryteller,Facebook,#Inspired #TalesToTheStars,20,28,UK
296,2022,Hopeful,30-10-2022 11:40,WaveNavigator,Twitter,#Hopeful #SailorOfDreams,11,34,Australia
297,2021,Compassionate,01-07-2021 12:10,RainNurturer,Instagram,#Compassionate #TearsOfEmpathy,12,42,Canada
298,2020,Proud,05-01-2020 08:45,PeakConqueror,Twitter,#Proud #ScalingPeaks,8,46,USA
299,2022,Hopeful,17-07-2022 06:15,DawnGardener,Instagram,#Hopeful #SeedsOfOptimism,6,28,India
300,2018,Playful,22-08-2018 17:20,CarnivalDreamer,Facebook,#Playful #CarnivalEscapade,17,48,Australia
301,2021,Despair,15-09-2021 16:00,ShatteredHeart,Instagram,#Despair #EchoingSilence,16,16,Canada
302,2019,Bitterness,08-03-2019 14:20,VenomousSoul,Facebook,#Bitterness #ResentmentWeb,14,24,UK
303,2017,Loneliness,20-07-2017 11:45,DesertWanderer,Twitter,#Loneliness #MiragesOfConnection,11,30,USA
304,2020,Yearning,02-11-2020 19:30,ColdEmbrace,Instagram,#Yearning #DistantWarmth,19,20,Australia
305,2022,Fearful,12-05-2022 02:00,NightPrisoner,Facebook,#Fearful #ImaginedHorrors,2,36,India
306,2023,Apprehensive,08-04-2023 13:15,TightropeWalker,Twitter,#Apprehensive #BalancingAct,13,28,UK
307,2021,Overwhelmed,25-06-2021 17:50,AtlasBearer,Instagram,#Overwhelmed #BouldersOfExhaustion,17,44,Canada
308,2019,Jealous,30-08-2019 10:10,GreenMonster,Facebook,#Jealous #GreenEyedMonster,10,32,USA
309,2022,Devastated,03-08-2022 15:30,StormSurvivor,Twitter,#Devastated #WindsOfBrokenPromises,15,50,Australia
310,2020,Frustrated,17-12-2020 09:20,PuzzleComposer,Instagram,#Frustrated #UnsolvablePuzzle,9,24,India
311,2021,Envious,28-02-2021 22:45,GildedHeartache,Facebook,#Envious #GildedPrize,22,40,USA
312,2018,Dismissive,10-05-2018 14:00,IndifferentFort,Twitter,#Dismissive #ImpenetrableWalls,14,28,UK
313,2022,Frustrated,07-01-2022 11:10,DreamMosaic,Instagram,#Frustrated #MosaicOfDisappointment,11,30,Canada
314,2019,Loneliness,19-09-2019 03:30,NocturnalEcho,Facebook,#Loneliness #SolitaryNocturne,3,36,Australia
315,2023,Fearful,14-07-2023 23:00,DarkWhispers,Twitter,#Fearful #SpecterOfTheUnknown,23,26,UK
316,2020,Bitterness,05-04-2020 16:20,LingeringTaste,Instagram,#Bitterness #BitterAftertaste,16,20,India
317,2021,Overwhelmed,29-11-2021 08:45,TempestSurvivor,Facebook,#Overwhelmed #DrowningSoul,8,40,USA
318,2019,Jealous,12-12-2019 17:00,VenomousHeart,Twitter,#Jealous #HeartOfDiscontent,17,32,Australia
319,2022,Devastated,20-05-2022 14:50,FragileTrust,Instagram,#Devastated #ShatteredTrust,14,50,Canada
320,2020,Frustrated,03-09-2020 12:15,BrokenThreads,Facebook,#Frustrated #SlippingThreads,12,28,UK
321,2021,Envious,10-02-2021 19:30,SuccessPill,Twitter,#Envious #BitterPill,19,40,USA
322,2018,Dismissive,18-08-2018 14:40,CurtainShield,Instagram,#Dismissive #IndifferencePerformance,14,24,Australia
323,2022,Despair,28-02-2022 21:00,FoggyLabyrinth,Facebook,#Despair #LabyrinthOfHopelessness,21,16,Canada
324,2019,Bitterness,15-10-2019 10:30,IcyResentment,Twitter,#Bitterness #IciclesOfResentment,10,30,UK
325,2017,Loneliness,01-12-2017 18:50,SolitaryMoon,Instagram,#Loneliness #StarlessSky,18,36,USA
326,2020,Yearning,18-04-2020 16:15,VanishedSunset,Facebook,#Yearning #HuesOfSunset,16,20,Australia
327,2023,Fearful,07-01-2023 03:30,NightPrisoner,Twitter,#Fearful #LurkingMonsters,3,36,India
328,2021,Apprehensive,10-06-2021 10:00,WindWhisperer,Instagram,#Apprehensive #StormOfDoubt,10,28,Canada
329,2020,Overwhelmed,22-02-2020 15:20,MazeExplorer,Facebook,#Overwhelmed #MinotaurOfPressure,15,44,USA
330,2018,Jealous,17-03-2018 14:45,WoundedGarden,Twitter,#Jealous #BloomingAchievements,14,32,UK
331,2022,Devastated,28-10-2022 11:15,RuinedHeart,Instagram,#Devastated #EchoesOfShatteredDreams,11,50,Australia
332,2020,Frustrated,01-11-2020 12:30,KnotUntangler,Facebook,#Frustrated #LabyrinthOfMiscommunication,12,28,India
333,2021,Envious,15-01-2021 22:10,ElusiveKeys,Twitter,#Envious #DesireForKeys,22,40,USA
334,2018,Dismissive,18-08-2018 14:00,IndifferentFort,Instagram,#Dismissive #IndifferencePerformance,14,24,Australia
335,2022,Frustrated,07-01-2022 11:10,DreamMosaic,Twitter,#Frustrated #MosaicOfDisappointment,11,30,Canada
336,2019,Loneliness,19-09-2019 03:30,NocturnalEcho,Facebook,#Loneliness #SolitaryNocturne,3,36,Australia
337,2022,Awe,03-04-2022 06:15,NatureAdmirer,Instagram,#Awe #BreathtakingSunrise,6,55,USA
338,2023,Determination,12-10-2023 10:30,GoalPursuer,Twitter,#Determination #Challenges,10,30,Canada
339,2019,Nostalgia,28-06-2019 19:00,MemoryLane,Facebook,#Nostalgia #OldMemories,19,45,UK
340,2020,Thrill,15-09-2020 14:45,CultureEnthusiast,Instagram,#Thrill #CulturalCelebration,14,80,India
341,2017,Calmness,08-11-2017 21:20,RainWatcher,Twitter,#Calmness #RainyDays,21,35,Australia
342,2021,Overwhelmed,20-05-2021 17:30,PersonalJourney,Facebook,#Overwhelmed #SupportiveCommunity,17,50,USA
343,2023,Excitement,10-01-2023 12:00,VacationDreamer,Instagram,#Excitement #VacationCountdown,12,60,France
344,2018,Gratitude,05-12-2018 08:45,LifeLearner,Twitter,#Gratitude #LifeLessons,8,70,Brazil
345,2020,Bittersweet,15-03-2020 18:30,FarewellSender,Instagram,#Bittersweet #Farewell,18,40,Japan
346,2016,Curiosity,22-08-2016 15:10,HistoryExplorer,Facebook,#Curiosity #AncientDiscovery,15,35,Greece
347,2019,Admiration,20-08-2019 16:00,CraftEnthusiast,Instagram,#Admiration #HandcraftedArt,16,50,USA
348,2021,Overjoyed,08-12-2021 19:30,WinterLover,Twitter,#Overjoyed #WinterWarmth,19,35,Canada
349,2020,Inspiration,10-06-2020 20:45,SunsetWatcher,Instagram,#Inspiration #ColorfulSunset,20,60,UK
350,2022,Motivation,28-02-2022 07:15,FitnessJunkie,Facebook,#Motivation #FitnessGoals,7,80,Australia
351,2017,Gratitude,15-04-2017 08:00,CoffeeLover,Twitter,#Gratitude #MorningCoffee,8,45,India
352,2018,Empowerment,05-09-2018 14:20,HikingExplorer,Instagram,#Empowerment #HikingAdventure,14,70,USA
353,2022,Amusement,22-10-2022 12:45,KittyObserver,Facebook,#Amusement #PlayfulKittens,12,30,Canada
354,2016,Contemplation,02-07-2016 23:30,Stargazer,Twitter,#Contemplation #StarryNight,23,55,UK
355,2020,JoyfulReunion,18-11-2020 17:10,FriendshipRenewal,Instagram,#JoyfulReunion #Friendship,17,40,India
356,2023,Excitement,05-03-2023 15:00,CelebrationPlanner,Facebook,#Excitement #SurpriseCelebration,15,60,Australia
357,2015,Satisfaction,01-12-2015 11:30,DIYEnthusiast,Twitter,#Satisfaction #DIYProject,11,50,USA
358,2021,Blessed,10-09-2021 09:45,CommunityHelper,Instagram,#Blessed #SupportiveCommunity,9,35,UK
359,2018,Serenity,12-05-2018 14:20,GardenEnthusiast,Facebook,#Serenity #TranquilGarden,14,45,Canada
360,2022,Anticipation,25-07-2022 10:00,Wanderlust,Twitter,#Anticipation #AdventureAwaits,10,80,India
361,2019,Reflection,08-03-2019 18:30,GrowthSeeker,Instagram,#Reflection #PersonalGrowth,18,70,USA
362,2017,Nostalgia,28-01-2017 21:15,ChildhoodMemories,Facebook,#Nostalgia #ChildhoodFavorites,21,40,Australia
363,2016,Appreciation,14-11-2016 13:45,CultureExplorer,Twitter,#Appreciation #CulturalExperience,13,55,UK
364,2020,Confidence,02-04-2020 17:30,PublicSpeaker,Instagram,#Confidence #OvercomingAnxiety,17,30,USA
365,2023,Contentment,15-01-2023 19:00,FamilyCelebration,Facebook,#Contentment #FamilyLaughter,19,50,Canada
366,2018,Enthusiasm,07-08-2018 12:15,LifelongLearner,Twitter,#Enthusiasm #SkillBuilding,12,60,India
367,2019,Surprise,18-10-2019 16:45,CityExplorer,Instagram,#Surprise #HiddenGem,16,35,UK
368,2022,Accomplishment,30-06-2022 07:00,FitnessAchiever,Facebook,#Accomplishment #FitnessSuccess,7,45,Australia
369,2017,Wonderment,12-06-2017 18:20,RainbowChaser,Twitter,#Wonderment #DoubleRainbow,18,70,USA
370,2021,Optimism,05-07-2021 09:30,FutureOptimist,Instagram,#Optimism #BrightFuture,9,40,Canada
371,2016,Pride,15-04-2016 14:50,CareerAchiever,Facebook,#Pride #CareerMilestone,14,55,UK
372,2020,Happiness,10-02-2020 11:15,SunnyDayEnthusiast,Twitter,#Happiness #SunnyDay,11,30,India
373,2018,Elation,22-09-2018 16:30,Bookworm,Instagram,#Elation #RareBookDiscovery,16,80,USA
374,2015,Curiosity,08-11-2015 10:00,ArchaeologyEnthusiast,Facebook,#Curiosity #AncientMysteries,10,35,Australia
375,2022,Enchantment,10-08-2022 22:00,NightSkyObserver,Instagram,#Enchantment #CosmicFireflies,22,50,Brazil
376,2019,Intrigue,05-04-2019 17:30,ArtConnoisseur,Twitter,#Intrigue #AbstractArt,17,35,France
377,2020,PlayfulJoy,15-12-2020 15:45,PlayfulParent,Facebook,#PlayfulJoy #ChildrensPlaydate,15,45,Japan
378,2017,Mindfulness,20-10-2017 08:15,ZenSeeker,Instagram,#Mindfulness #LakeTranquility,8,70,Canada
379,2021,DreamChaser,28-02-2021 13:00,SkyDreamer,Twitter,#DreamChaser #SkyHighDreams,13,60,Australia
380,2018,Elegance,12-06-2018 20:30,DanceEnthusiast,Facebook,#Elegance #BallroomDance,20,55,UK
381,2016,Whimsy,08-03-2016 14:20,FairyTaleExplorer,Instagram,#Whimsy #MagicalWorld,14,40,USA
382,2023,Pensive,18-04-2023 17:10,RuinsExplorer,Twitter,#Pensive #AncientCivilization,17,35,Greece
383,2020,Thrill,25-07-2020 12:45,RollercoasterFan,Facebook,#Thrill #RollercoasterAdventure,12,45,Germany
384,2019,Harmony,30-11-2019 19:30,MusicHarmonist,Instagram,#Harmony #MusicalUnity,19,70,Sweden
385,2015,Creativity,01-09-2015 16:00,StudioArtist,Twitter,#Creativity #ArtistsHaven,16,30,Italy
386,2022,Radiance,05-05-2022 10:15,SpringEnthusiast,Facebook,#Radiance #SpringBlooms,10,50,Netherlands
387,2018,Wonder,08-07-2018 23:00,CosmosExplorer,Instagram,#Wonder #StargazingAdventure,23,80,South Africa
388,2021,Rejuvenation,20-09-2021 14:30,SeaBreezeLover,Twitter,#Rejuvenation #SeasideEscape,14,35,Spain
389,2016,Inspiration,15-11-2016 11:45,ForestDreamer,Facebook,#Inspiration #ForestWhispers,11,55,Portugal
390,2020,Coziness,12-01-2020 18:00,WinterWarmth,Instagram,#Coziness #WarmWinterEvening,18,60,Switzerland
391,2017,Gratitude,28-12-2017 19:15,FamilyGatherer,Facebook,#Gratitude #FamilyLaughter,19,45,Austria
392,2019,Adventure,02-03-2019 20:20,CulinaryExplorer,Twitter,#Adventure #CulinaryJourney,20,70,Belgium
393,2022,Euphoria,08-06-2022 15:30,PuzzleSolver,Instagram,#Euphoria #PuzzleCompletion,15,40,Denmark
394,2018,Awe,18-08-2018 14:45,CathedralVisitor,Facebook,#Awe #ArchitecturalGrandeur,14,35,Czech Republic
395,2022,Enchantment,10-08-2022 22:00,NightSkyObserver,Instagram,#Enchantment #FireflyField,22,50,Brazil
396,2019,Melodic,05-04-2019 17:30,MusicLover,Twitter,#Melodic #StreetMusic,17,35,France
397,2020,FestiveJoy,15-12-2020 15:45,CarnivalGoer,Facebook,#FestiveJoy #SummerCarnival,15,45,Japan
398,2017,InnerJourney,20-10-2017 08:15,MindfulExplorer,Instagram,#InnerJourney #MeditationBliss,8,70,Canada
399,2021,Freedom,28-02-2021 13:00,CoastalExplorer,Twitter,#Freedom #CoastalAdventure,13,60,Australia
400,2018,Dazzle,12-06-2018 20:30,MasqueradeAttendee,Facebook,#Dazzle #MasqueradeElegance,20,55,UK
401,2016,Whimsy,08-03-2016 14:20,FairyTaleAdventurer,Instagram,#Whimsy #FairyTaleMagic,14,40,USA
402,2023,Reflection,18-04-2023 17:10,RuinsExplorer,Twitter,#Reflection #ForgottenEra,17,35,Greece
403,2020,Adrenaline,25-07-2020 12:45,ThrillSeeker,Facebook,#Adrenaline #RollercoasterThrills,12,45,Germany
404,2019,Harmony,30-11-2019 19:30,MusicHarmonist,Instagram,#Harmony #MusicalUnity,19,70,Sweden
405,2015,ArtisticBurst,01-09-2015 16:00,StudioArtist,Twitter,#ArtisticBurst #StudioCreativity,16,30,Italy
406,2022,Radiance,05-05-2022 10:15,SpringEnthusiast,Facebook,#Radiance #SpringBlooms,10,50,Netherlands
407,2018,Wonder,08-07-2018 23:00,CosmosExplorer,Instagram,#Wonder #StargazingAdventure,23,80,South Africa
408,2021,Rejuvenation,20-09-2021 14:30,SeaBreezeLover,Twitter,#Rejuvenation #SeasideEscape,14,35,Spain
409,2016,Inspiration,15-11-2016 11:45,ForestDreamer,Facebook,#Inspiration #ForestWhispers,11,55,Portugal
410,2020,Coziness,12-01-2020 18:00,WinterWarmth,Instagram,#Coziness #WarmWinterEvening,18,60,Switzerland
411,2017,Gratitude,28-12-2017 19:15,FamilyGatherer,Facebook,#Gratitude #FamilyLaughter,19,45,Austria
412,2019,CulinaryOdyssey,02-03-2019 20:20,CulinaryExplorer,Twitter,#CulinaryOdyssey #FlavorsAroundTheWorld,20,70,Belgium
413,2022,Euphoria,08-06-2022 15:30,PuzzleSolver,Instagram,#Euphoria #PerfectPuzzle,15,40,Denmark
414,2018,Awe,18-08-2018 14:45,CathedralVisitor,Facebook,#Awe #ArchitecturalGrandeur,14,35,Czech Republic
415,2015,Curiosity,08-11-2015 10:00,ArchaeologyEnthusiast,Instagram,#Curiosity #AncientMysteries,10,35,Australia
416,2020,Excitement,02-12-2020 17:30,SnowfallEnthusiast,Twitter,#Excitement #SnowfallMagic,17,45,Canada
417,2017,Contentment,10-06-2017 12:15,BreadLover,Instagram,#Contentment #FreshBreadAroma,12,55,France
418,2021,Resilience,15-04-2021 14:20,NatureResilient,Facebook,#Resilience #StandingTall,14,70,USA
419,2019,Immersion,28-09-2019 19:45,Bookworm,Twitter,#Immersion #CaptivatingNovel,19,40,UK
420,2016,Nostalgia,05-12-2016 21:00,FamilyHistorian,Instagram,#Nostalgia #FamilyPhotoAlbum,21,50,India
421,2018,Spark,10-02-2018 23:30,NightSkyWatcher,Facebook,#Spark #InspirationIgnited,23,60,Australia
422,2023,Gratitude,15-02-2023 08:30,TeaEnthusiast,Twitter,#Gratitude #WarmTea,8,35,Japan
423,2015,Marvel,22-08-2015 15:00,MarketExplorer,Instagram,#Marvel #ColorfulStreetMarket,15,45,Brazil
424,2020,Serenity,20-11-2020 18:45,LakesideRetreater,Facebook,#Serenity #TranquilSunset,18,55,Germany
425,2019,Heartbreak,05-08-2019 21:00,LostInLove,Instagram,#Heartbreak #LostLove,21,30,USA
426,2021,Loneliness,12-02-2021 16:45,SolitudeSeeker,Twitter,#Loneliness #HeavyHeart,16,35,Canada
427,2020,Grief,28-11-2020 14:20,FriendshipsEnd,Facebook,#Grief #LostFriendship,14,45,UK
428,2016,Despair,15-05-2016 22:30,LostInDarkness,Instagram,#Despair #EndlessDarkness,22,55,Australia
429,2018,Betrayal,10-09-2018 13:15,BrokenTrust,Twitter,#Betrayal #ShatteredTrust,13,45,Germany
430,2022,Suffering,20-03-2022 19:30,SilentSufferer,Facebook,#Suffering #HeartacheSymphony,19,50,Brazil
431,2017,EmotionalStorm,18-07-2017 17:45,StormyFeelings,Instagram,#EmotionalStorm #SadnessWhirlwind,17,60,India
432,2018,Regret,15-12-2018 10:00,LingeringGhost,Twitter,#Regret #HauntedPast,10,35,France
433,2015,Grief,28-06-2015 21:15,EchoesOfLoss,Facebook,#Grief #TornApart,21,55,Italy
434,2020,Isolation,02-04-2020 14:20,WinterOfEmotions,Instagram,#Isolation #EmotionalWinter,14,70,Japan
435,2019,Disappointment,08-10-2019 18:30,ShatteredHopes,Twitter,#Disappointment #CrushedHopes,18,40,Spain
436,2016,LostLove,22-11-2016 09:45,AbyssOfTime,Facebook,#LostLove #PainfulEchoes,9,45,Netherlands
437,2022,Despair,18-08-2022 22:00,SolitaryDescent,Instagram,#Despair #AbyssOfHeartache,22,80,South Africa
438,2017,Melancholy,12-03-2017 23:30,SerenadeOfSolitude,Twitter,#Melancholy #QuietSerenade,23,35,UK
439,2015,Bitterness,15-12-2015 16:15,PoisonedHeart,Facebook,#Bitterness #WoundedHeart,16,50,Australia
440,2021,Exhaustion,05-09-2021 13:30,WearySoulCrushed,Instagram,#Exhaustion #CrushedSpirit,13,70,Canada
441,2018,Sorrow,22-05-2018 20:45,StringsOfSorrow,Twitter,#Sorrow #SymphonyOfLoss,20,35,Germany
442,2016,Darkness,10-07-2016 18:20,SoulInShadow,Facebook,#Darkness #SoulEngulfed,18,55,USA
443,2019,Desperation,30-04-2019 14:00,WhisperedDespair,Instagram,#Desperation #GlimmerOfHope,14,45,France
444,2022,Ruins,08-01-2022 11:30,DreamsInWind,Twitter,#Ruins #ShatteredDreams,11,40,Brazil
445,2017,Desolation,10-09-2017 19:15,DreamEchoes,Twitter,#Desolation #ScatteredHope,19,40,Australia
446,2022,Regret,18-04-2022 11:30,RemorseWalker,Instagram,#Regret #PathOfRemorse,11,50,Canada
447,2018,Grief,05-12-2018 21:45,JoyLabyrinth,Facebook,#Grief #LostJoyFootsteps,21,35,USA
448,2016,Loneliness,28-06-2016 14:20,SolitudeSeas,Twitter,#Loneliness #CrashingWaves,14,45,UK
449,2019,Bitterness,22-10-2019 17:00,PalateStainer,Instagram,#Bitterness #StainedTrust,17,30,Germany
450,2021,Desolation,15-03-2021 22:45,HopeRuins,Facebook,#Desolation #WhisperedLoss,22,55,Brazil
451,2017,Heartbreak,10-08-2017 19:30,OceanSinker,Twitter,#Heartbreak #RippleOfDespair,19,45,France
452,2023,Grief,28-01-2023 14:30,InkJournalist,Instagram,#Grief #SilentTears,14,60,India
453,2016,Betrayal,12-12-2016 10:00,TrustWasteland,Facebook,#Betrayal #ReverberatingPromises,10,50,Italy
454,2020,Resilience,18-07-2020 15:15,DreamTightrope,Twitter,#Resilience #TightropeWalk,15,70,Japan
455,2022,Isolation,20-05-2022 20:30,EchoedLaughter,Instagram,#Isolation #SilentSolitude,20,60,South Africa
456,2019,Regret,08-11-2019 14:45,PossibilityGhost,Twitter,#Regret #FadingPossibilities,14,35,Spain
457,2017,Despair,28-03-2017 22:00,EndlessLabyrinth,Facebook,#Despair #EndlessReverberation,22,55,Australia
458,2020,Sorrow,15-09-2020 18:15,RiverOfSorrow,Instagram,#Sorrow #AutumnLeaves,18,45,Canada
459,2018,Desolation,10-06-2018 13:30,DreamGardener,Twitter,#Desolation #ShatteredHopes,13,40,UK
460,2016,Grief,22-12-2016 21:45,CurrencyOfTears,Facebook,#Grief #LostLoveLonging,21,50,USA
461,2021,Betrayal,05-01-2021 16:20,MazeWanderer,Instagram,#Betrayal #ClosingWalls,16,30,Germany
462,2019,Heartbreak,18-04-2019 11:00,StormSeeker,Twitter,#Heartbreak #CalmAfterStorm,11,45,Brazil
463,2017,Despair,28-08-2017 19:30,TapestrySorrow,Facebook,#Despair #UnraveledHope,19,35,India
464,2023,Loss,10-02-2023 14:30,WitheredRose,Instagram,#Loss #SilentSurrender,14,55,France
465,2022,Heartache,10-07-2022 22:15,LoveSongEcho,Instagram,#Heartache #LoveSongLonging,22,60,Japan
466,2019,Nostalgia,15-05-2019 21:30,MoonlitMemories,Twitter,#Nostalgia #CherishedMemories,21,35,Italy
467,2018,Grief,28-11-2018 14:00,SymphonyOfTears,Facebook,#Grief #MelancholicMelody,14,45,Germany
468,2021,Betrayal,02-03-2021 17:45,VenomousGarden,Instagram,#Betrayal #PoisonedTrust,17,50,Canada
469,2016,Despair,18-10-2016 19:30,QuicksandFighter,Twitter,#Despair #DeepDescent,19,40,USA
470,2020,Desolation,15-08-2020 12:30,DreamCemetery,Facebook,#Desolation #UntoldSorrows,12,55,France
471,2017,Regret,28-04-2017 16:20,RegretRiver,Instagram,#Regret #PastCurrents,16,35,UK
472,2019,Loss,10-09-2019 21:00,HeartAttic,Twitter,#Loss #ForgottenLove,21,45,Australia
473,2022,Betrayal,28-01-2022 13:45,PromiseGallery,Facebook,#Betrayal #ShatteredVows,13,30,Brazil
474,2016,Solitude,15-06-2016 22:30,EchoedConversation,Instagram,#Solitude #ShadowConversation,22,60,Spain
475,2021,Joy,20-08-2021 15:45,SunshineDancer,Instagram,#Joy #SimpleMoments,15,80,USA
476,2018,Happiness,12-04-2018 18:30,EchoedLaughter,Twitter,#Happiness #SpiritLifter,18,70,Canada
477,2022,Contentment,15-02-2022 12:20,GardenOfJoy,Facebook,#Contentment #InnerPeace,12,50,UK
478,2019,Enthusiasm,28-10-2019 14:15,DreamChaser,Instagram,#Enthusiasm #HopefulJourney,14,60,Australia
479,2017,Gratitude,22-12-2017 21:00,StarSerenader,Twitter,#Gratitude #ThankfulMelody,21,45,India
480,2020,Accomplishment,10-06-2020 17:30,GlowAchiever,Facebook,#Accomplishment #HappinessMilestone,17,55,Germany
481,2016,Positivity,18-09-2016 19:45,DanceHarmony,Instagram,#Positivity #SoulUpliftment,19,35,France
482,2023,Joy,10-03-2023 14:30,LaughterCup,Twitter,#Joy #CherishedMoment,14,40,Japan
483,2019,Kindness,05-05-2019 12:15,QuiltedCompassion,Facebook,#Kindness #LoveStitches,12,50,Brazil
484,2018,Friendship,28-08-2018 16:00,FriendshipGarden,Instagram,#Friendship #CamaraderieBlooms,16,60,South Africa
485,2022,Love,15-11-2022 20:45,MelodyOfLove,Twitter,#Love #RhythmOfAffection,20,70,USA
486,2019,Joy,02-07-2019 17:00,ColorfulLaughter,Instagram,#Joy #EndlessSmiles,17,80,Canada
487,2021,Excitement,18-04-2021 14:20,SymphonyFervor,Facebook,#Excitement #IgnitedSoul,14,60,UK
488,2023,Surprise,05-02-2023 19:30,WrappedDelight,Twitter,#Surprise #WonderfulMoment,19,50,Australia
489,2018,Curiosity,22-09-2018 12:45,MazeDiscovery,Instagram,#Curiosity #TreasuresOfDiscovery,12,45,India
490,2016,Gratitude,10-12-2016 21:15,CloudsOfBlessings,Facebook,#Gratitude #ShowerOfThankfulness,21,55,Germany
491,2020,Inspiration,28-05-2020 16:00,CometCreativity,Twitter,#Inspiration #BrilliantTrails,16,35,France
492,2017,Success,15-11-2017 22:30,FireworksTriumph,Instagram,#Success #NightSkyTriumph,22,45,Japan
493,2021,Happiness,02-08-2021 19:00,LaughterSymphony,Facebook,#Happiness #BoundlessLaughter,19,60,Brazil
494,2019,Thrill,28-03-2019 15:30,EmotionCarnival,Instagram,#Thrill #WildHeartRide,15,70,South Africa
495,2018,Reflection,12-05-2018 17:30,ParisDreamer,Twitter,#Reflection #ParisianDreams,17,55,France
496,2022,Enchantment,28-09-2022 15:45,DisneylandExplorer,Instagram,#Enchantment #ChildhoodFantasies,15,60,USA
497,2019,Excitement,10-11-2019 14:00,FerrariSpeedster,Facebook,#Excitement #SymphonyOfSpeed,14,45,Italy
498,2021,Joy,02-04-2021 18:20,KeukenhofAdventurer,Instagram,#Joy #SpringtimeColors,18,70,Netherlands
499,2017,Exploration,22-08-2017 21:30,KyotoAdventurer,Twitter,#Exploration #JapaneseTraditions,21,35,Japan
500,2020,Awe,15-06-2020 16:45,CanyonMarveler,Instagram,#Awe #EarthsGrandeur,16,50,USA
501,2016,Serenity,10-09-2016 19:15,SantoriniTraveler,Facebook,#Serenity #SunsetHues,19,45,Greece
502,2023,Amazement,28-01-2023 13:00,PetraExplorer,Twitter,#Amazement #AncientTales,13,60,Jordan
503,2019,Romance,18-04-2019 16:30,VeniceRomantic,Instagram,#Romance #TimelessCity,16,40,Italy
504,2017,Awe,05-11-2017 22:00,MachuPicchuAdventurer,Facebook,#Awe #AncientCivilizations,22,55,Peru
505,2022,Excitement,20-07-2022 21:45,TimesSquareExplorer,Instagram,#Excitement #UrbanEnergy,21,70,USA
506,2018,Captivation,15-03-2018 17:30,ColosseumAdventurer,Twitter,#Captivation #GladiatorTales,17,50,Italy
507,2019,Serenity,28-10-2019 14:15,MaldivesSailor,Facebook,#Serenity #ParadiseWhispers,14,45,Maldives
508,2021,Wonder,10-06-2021 16:00,AmazonExplorer,Instagram,#Wonder #NatureOrchestra,16,60,Brazil
509,2017,Awe,18-08-2017 19:30,GreatWallWalker,Twitter,#Awe #EngineeringMarvels,19,35,China
510,2020,Accomplishment,15-04-2020 05:30,FujiSummitAchiever,Facebook,#Accomplishment #SunriseHues,5,55,Japan
511,2016,Exploration,22-11-2016 13:00,AngkorWatAdventurer,Instagram,#Exploration #KhmerStories,13,40,Cambodia
512,2019,Adventure,10-01-2019 14:45,AlpsSkiAdventurer,Twitter,#Adventure #SnowPeakDance,14,45,Switzerland
513,2023,Tranquility,28-02-2023 16:20,KyotoBambooSeeker,Facebook,#Tranquility #ZenWisdom,16,50,Japan
514,2018,Grandeur,28-05-2018 18:30,NorwayFjordExplorer,Instagram,#Grandeur #IcyMasterpiece,18,45,Norway
515,2022,Emotion,15-09-2022 20:00,AdeleConcertGoer,Instagram,#Emotion #AdeleConcert,20,80,USA
516,2019,Energy,28-07-2019 21:30,BeyonceDancer,Twitter,#Energy #BeyonceConcert,21,70,USA
517,2021,Enchantment,10-05-2021 19:45,SwiftieDreamer,Facebook,#Enchantment #TaylorSwift,19,60,USA
518,2018,Nostalgia,02-12-2018 22:15,QueenTributeFan,Instagram,#Nostalgia #QueenTribute,22,45,UK
519,2020,Serenity,18-08-2020 19:00,SheeranMelodyLover,Twitter,#Serenity #EdSheeranConcert,19,35,UK
520,2017,Joy,28-03-2017 20:30,MarsJoyExplorer,Facebook,#Joy #BrunoMars,20,55,USA
521,2022,Celebration,15-01-2022 21:15,MJTributeDancer,Instagram,#Celebration #MJTribute,21,50,USA
522,2019,Charm,10-06-2019 18:45,SinatraCharmListener,Twitter,#Charm #SinatraTribute,18,45,USA
523,2023,Ecstasy,20-03-2023 22:30,MetallicaMoshWarrior,Facebook,#Ecstasy #MetallicaConcert,22,70,USA
524,2016,Hope,28-11-2016 19:00,ColdplayHopeSeeker,Instagram,#Hope #ColdplayMagic,19,60,UK
525,2018,Enthusiasm,05-08-2018 20:00,BieberDanceEnthusiast,Instagram,#Enthusiasm #JustinBieber,20,80,Canada
526,2021,Creativity,15-04-2021 21:30,GagaArtisticChameleon,Twitter,#Creativity #LadyGaga,21,70,USA
527,2019,Emotion,28-11-2019 19:45,AdeleMelodyTearjerker,Facebook,#Emotion #AdeleMelodies,19,60,UK
528,2020,Colorful,22-06-2020 22:00,KatyPerryColorExplosion,Instagram,#Colorful #KatyPerry,22,45,USA
529,2017,Pride,10-09-2017 20:15,JayZEmpireListener,Twitter,#Pride #JayZAnthem,20,35,USA
530,2022,Hypnotic,28-02-2022 21:15,ShakiraHipsDancer,Facebook,#Hypnotic #ShakiraRhythms,21,55,Colombia
531,2016,Connection,15-05-2016 19:30,U2ConnectionSeeker,Instagram,#Connection #U2Anthem,19,50,Ireland
532,2018,Iconic,10-12-2018 22:30,GunsNRosesRiffRockstar,Twitter,#Iconic #GNRConcert,22,45,USA
533,2023,Euphoria,22-01-2023 20:00,ArianaEuphoriaChaser,Facebook,#Euphoria #ArianaGrande,20,70,USA
534,2020,Journey,05-03-2020 18:45,MarleyReggaeTraveler,Instagram,#Journey #BobMarleyTribute,18,60,Jamaica
535,2018,Excitement,12-10-2018 20:00,MovieEnthusiastPremiereAttendee,Twitter,#Excitement #MoviePremiereThrills,20,80,USA
536,2019,Nostalgia,25-06-2019 22:15,FilmLoverNostalgiaSeeker,Instagram,#Nostalgia #ClassicFilmMoments,22,70,UK
537,2020,Engagement,08-07-2020 19:30,WebSeriesViewerCharacterConnection,Facebook,#Engagement #WebSeriesJourney,19,60,Canada
538,2017,Pride,18-09-2017 21:45,IndieFilmmakerFestivalSuccess,Twitter,#Pride #IndieFilmSuccess,21,45,Australia
539,2021,Touched,15-01-2021 18:00,DramaEnthusiastHeartwarmingMoments,Instagram,#Touched #FamilyDramaMoments,18,55,India
540,2016,Gratitude,28-02-2016 20:30,AwardWinningActorOscarsRecipient,Facebook,#Gratitude #OscarWinningMoment,20,35,USA
541,2022,Inspiration,20-04-2022 17:30,DocumentaryEnthusiastHiddenGemFinder,Twitter,#Inspiration #HiddenGemDiscovery,17,45,France
542,2019,Contemplation,05-11-2019 21:15,FilmBuffContemplativeViewer,Instagram,#Contemplation #DeepMeanings,21,55,Germany
543,2015,Suspense,12-07-2015 22:00,CrimeSeriesEnthusiastThrillSeeker,Facebook,#Suspense #CrimeSeriesThrills,22,70,Japan
544,2020,Satisfaction,10-09-2020 19:45,FilmCriticSatisfactionSeeker,Twitter,#Satisfaction #FulfillingEnding,19,45,Brazil
545,2018,Joy,15-07-2018 21:30,FootballFanWorldCupCelebration,Instagram,#Joy #WorldCupTriumph,21,80,Brazil
546,2020,Inspiration,08-08-2020 19:45,OlympicsEnthusiastGoldMedalWinner,Twitter,#Inspiration #OlympicAchievement,19,70,USA
547,2019,Excitement,25-06-2019 22:15,CricketFanChampionshipThrills,Facebook,#Excitement #CricketChampionship,22,60,India
548,2021,Admiration,07-11-2021 17:30,MarathonSpectatorRecordBreaking,Instagram,#Admiration #MarathonRecords,17,45,Kenya
549,2017,Captivation,10-09-2017 20:15,TennisEnthusiastGrandSlamDrama,Twitter,#Captivation #TennisRivalry,20,55,UK
550,2022,Triumph,20-06-2022 21:00,BasketballFanUnderdogTriumph,Facebook,#Triumph #BasketballFinals,21,35,USA
551,2016,Awe,10-04-2016 18:30,GolfEnthusiastPrecisionVictory,Instagram,#Awe #GolfVictory,18,45,Scotland
552,2019,Thrill,24-11-2019 19:45,F1FanHighSpeedRaceExcitement,Twitter,#Thrill #Formula1Championship,19,55,Germany
553,2015,Determination,28-09-2015 22:30,CyclingEnthusiastWorldChampion,Facebook,#Determination #CyclingChampion,22,70,Italy
554,2020,Heartwarming,12-12-2020 20:00,HockeyFanComebackVictory,Instagram,#Heartwarming #HockeyFinalsComeback,20,45,Canada
555,2019,Disappointment,02-11-2019 18:45,SoccerFanTeamDefeats,Twitter,#Disappointment #SoccerDefeats,18,80,Brazil
556,2018,Frustration,10-07-2018 21:15,TennisEnthusiastUnexpectedSetback,Instagram,#Frustration #TennisSetback,21,70,USA
557,2020,Reflection,18-09-2020 19:30,BoxingFanChampionshipDefeat,Facebook,#Reflection #BoxingDefeat,19,60,UK
558,2017,Obstacle,15-05-2017 22:00,CyclingEnthusiastTireBlowout,Twitter,#Obstacle #CyclingFrustration,22,45,France
559,2021,Sympathy,05-04-2021 20:15,GymnasticsFanRoutineFall,Instagram,#Sympathy #GymnasticsFall,20,55,Japan
560,2016,Pressure,20-08-2016 18:30,GolfEnthusiastMissedPutt,Facebook,#Pressure #GolfDefeat,18,35,USA
561,2019,Renewed Effort,12-02-2019 19:45,BasketballFanTeamLosses,Twitter,#RenewedEffort #BasketballStruggles,19,45,Canada
562,2015,Miscalculation,28-06-2015 20:00,SwimmingEnthusiastRaceSetback,Instagram,#Miscalculation #SwimmingDisappointment,20,55,Australia
563,2022,Challenge,08-01-2022 21:30,WeightliftingFanFailedRecord,Facebook,#Challenge #WeightliftingFailure,21,70,Germany
564,2018,Despair,15-12-2018 20:15,SoccerPlayerOwnGoalMoment,Twitter,#Despair #OwnGoal,20,45,Spain
565,2021,Tranquility,10-07-2021 19:00,NatureEnthusiastSunsetWonder,Instagram,#Tranquility #SunsetBeauty,19,80,Canada
566,2019,Adventure,28-09-2019 20:30,TravelEnthusiastRoadTripDiscovery,Twitter,#Adventure #RoadTripMemories,20,70,USA
567,2022,Solace,15-03-2022 18:45,UrbanExplorerCafeSolitude,Facebook,#Solace #CafeReflection,18,60,France
568,2017,Creativity,05-11-2017 21:15,ArtEnthusiastStreetArtExploration,Instagram,#Creativity #StreetArtVibes,21,45,Brazil
569,2020,Breakthrough,20-05-2020 16:30,ScienceEnthusiastDiscoveryMoment,Twitter,#Breakthrough #ScientificDiscovery,16,55,Germany
570,2016,Harmony,22-08-2016 19:45,MusicLoverLiveOrchestraExperience,Facebook,#Harmony #OrchestraMelody,19,35,UK
571,2023,Joy in Baking,10-04-2023 17:15,HomeBakerDeliciousMemories,Instagram,#JoyInBaking #HomemadeDelights,17,45,India
572,2015,Envisioning History,18-12-2015 18:00,HistoryBuffMuseumExploration,Twitter,#EnvisioningHistory #MuseumTales,18,55,Italy
573,2021,Imagination,08-10-2021 20:30,BookwormCaptivatingNovelEscape,Facebook,#Imagination #LiteraryEscape,20,70,Japan
574,2019,Vibrancy,22-03-2019 21:45,PhotographyEnthusiastMarketMoments,Instagram,#Vibrancy #MarketStories,21,45,Australia